<?xml version="1.0" encoding="UTF-8" ?>
<!DOCTYPE configuration
        PUBLIC "-//mybatis.org//DTD Config 3.0//EN"
        "http://mybatis.org/dtd/mybatis-3-config.dtd">
<configuration>

    <settings>
        <!--在控制台输出发送的sql日志-->
        <setting name="logImpl" value="STDOUT_LOGGING"/>

        <!--驼峰映射-->
        <setting name="mapUnderscoreToCamelCase" value="true"/>
    </settings>

    <environments default="development">
        <environment id="development">
            <transactionManager type="JDBC"/>

            <!--目前只关注这部分内容,它的作用就是声明要连接的数据信息-->
            <dataSource type="POOLED">
                <property name="driver" value="com.mysql.cj.jdbc.Driver"/>
                <property name="url" value="jdbc:mysql://localhost:3306/ceshi1"/>
                <property name="username" value="root"/>
                <property name="password" value="123123"/>
            </dataSource>
        </environment>
    </environments>

    <mappers>
        <!--声明含有sql的接口所在包-->
        <package name="src.mapper"></package>
    </mappers>
</configuration>
